round_epochs,val_loss,val_quadruplet_metric,loss,quadruplet_metric,lr,epochs,batch_size,optimizer,embeddings,activation,neurons,decoderfactor,dropout
1,32.322221633911134,0.945,37.125152587890625,0.85009765625,0.001,50,20,<class 'keras.optimizers.Adam'>,20,<function relu at 0x000001C608DB3158>,100,2,0
1,33.233754821777346,0.946,30.7553653717041,1.0,1e-05,50,20,<class 'keras.optimizers.Adam'>,20,<function relu at 0x000001C608DB3158>,100,2,0
1,32.71156546020508,0.93825,32.48853302001953,0.9501953125,0.1,50,20,<class 'keras.optimizers.Adam'>,20,<function relu at 0x000001C608DB3158>,100,2,0
1,32.907043731689456,0.9485,34.191307067871094,0.89990234375,0.0001,50,20,<class 'keras.optimizers.Adam'>,20,<function relu at 0x000001C608DB3158>,100,2,0
1,33.711633010864254,0.94975,27.4887638092041,0.9501953125,0.01,50,20,<class 'keras.optimizers.Adam'>,20,<function relu at 0x000001C608DB3158>,100,2,0
